BDPID,NATID,ISDEL,CRTBY,CRTDT,CRTTM,CHNBY,CHNDT,CHNTM
12,32,0,DB_SLS1220,08.09.2023,08:26:28,DB_SLS1220,08.09.2023,08:26:28
13,32,0,DB_SLS1220,08.09.2023,08:26:28,DB_SLS1220,08.09.2023,08:26:28
14,32,0,DB_SLS1220,08.09.2023,08:26:28,DB_SLS1220,08.09.2023,08:26:28
15,32,0,DB_SLS1220,08.09.2023,08:26:28,DB_SLS1220,08.09.2023,08:26:28
18,32,0,DB_SLS1220,08.09.2023,08:26:28,DB_SLS1220,08.09.2023,08:26:28
19,32,0,DB_SLS1220,08.09.2023,08:26:28,DB_SLS1220,08.09.2023,08:26:28
20,32,0,DB_SLS1220,08.09.2023,08:26:28,DB_SLS1220,08.09.2023,08:26:28
21,32,0,DB_SLS1220,08.09.2023,08:26:28,DB_SLS1220,08.09.2023,08:26:28
22,32,0,DB_SLS1220,08.09.2023,08:26:28,DB_SLS1220,08.09.2023,08:26:28
23,32,0,DB_SLS1220,08.09.2023,08:26:28,DB_SLS1220,08.09.2023,08:26:28
24,32,0,DB_SLS1220,08.09.2023,08:26:28,DB_SLS1220,08.09.2023,08:26:28
25,32,0,DB_SLS1220,08.09.2023,08:26:28,DB_SLS1220,08.09.2023,08:26:28
26,32,0,DB_SLS1220,08.09.2023,08:26:28,DB_SLS1220,08.09.2023,08:26:28
27,32,0,DB_SLS1220,08.09.2023,08:26:28,DB_SLS1220,08.09.2023,08:26:28
28,32,0,DB_SLS1220,08.09.2023,08:26:28,DB_SLS1220,08.09.2023,08:26:28
29,32,0,DB_SLS1220,08.09.2023,08:26:28,DB_SLS1220,08.09.2023,08:26:28
30,32,0,DB_SLS1220,08.09.2023,08:26:28,DB_SLS1220,08.09.2023,08:26:28
31,32,0,DB_SLS1220,08.09.2023,08:26:28,DB_SLS1220,08.09.2023,08:26:28
2,33,0,DB_SLS1220,08.09.2023,08:26:28,DB_SLS1220,08.09.2023,08:26:28
3,33,0,DB_SLS1220,08.09.2023,08:26:28,DB_SLS1220,08.09.2023,08:26:28
4,33,0,DB_SLS1220,08.09.2023,08:26:28,DB_SLS1220,08.09.2023,08:26:28
5,33,0,DB_SLS1220,08.09.2023,08:26:28,DB_SLS1220,08.09.2023,08:26:28
6,33,0,DB_SLS1220,08.09.2023,08:26:28,DB_SLS1220,08.09.2023,08:26:28
7,33,0,DB_SLS1220,08.09.2023,08:26:28,DB_SLS1220,08.09.2023,08:26:28
8,33,0,DB_SLS1220,08.09.2023,08:26:28,DB_SLS1220,08.09.2023,08:26:28
9,33,0,DB_SLS1220,08.09.2023,08:26:28,DB_SLS1220,08.09.2023,08:26:28
10,33,0,DB_SLS1220,08.09.2023,08:26:29,DB_SLS1220,08.09.2023,08:26:29
11,33,0,DB_SLS1220,08.09.2023,08:26:29,DB_SLS1220,08.09.2023,08:26:29
12,33,0,DB_SLS1220,08.09.2023,08:26:29,DB_SLS1220,08.09.2023,08:26:29
13,33,0,DB_SLS1220,08.09.2023,08:26:29,DB_SLS1220,08.09.2023,08:26:29
14,33,0,DB_SLS1220,08.09.2023,08:26:29,DB_SLS1220,08.09.2023,08:26:29
18,33,0,DB_SLS1220,08.09.2023,08:26:29,DB_SLS1220,08.09.2023,08:26:29
19,33,0,DB_SLS1220,08.09.2023,08:26:29,DB_SLS1220,08.09.2023,08:26:29
20,33,0,DB_SLS1220,08.09.2023,08:26:29,DB_SLS1220,08.09.2023,08:26:29
22,33,0,DB_SLS1220,08.09.2023,08:26:29,DB_SLS1220,08.09.2023,08:26:29
23,33,0,DB_SLS1220,08.09.2023,08:26:29,DB_SLS1220,08.09.2023,08:26:29
24,33,0,DB_SLS1220,08.09.2023,08:26:29,DB_SLS1220,08.09.2023,08:26:29
25,33,0,DB_SLS1220,08.09.2023,08:26:29,DB_SLS1220,08.09.2023,08:26:29
29,33,0,DB_SLS1220,08.09.2023,08:26:29,DB_SLS1220,08.09.2023,08:26:29
30,33,0,DB_SLS1220,08.09.2023,08:26:29,DB_SLS1220,08.09.2023,08:26:29
31,33,0,DB_SLS1220,08.09.2023,08:26:29,DB_SLS1220,08.09.2023,08:26:29
1,34,0,DB_SLS1220,08.09.2023,08:26:29,DB_SLS1220,08.09.2023,08:26:29
2,34,0,DB_SLS1220,08.09.2023,08:26:29,DB_SLS1220,08.09.2023,08:26:29
3,34,0,DB_SLS1220,08.09.2023,08:26:29,DB_SLS1220,08.09.2023,08:26:29
4,34,0,DB_SLS1220,08.09.2023,08:26:29,DB_SLS1220,08.09.2023,08:26:29
5,34,0,DB_SLS1220,08.09.2023,08:26:29,DB_SLS1220,08.09.2023,08:26:29
6,34,0,DB_SLS1220,08.09.2023,08:26:29,DB_SLS1220,08.09.2023,08:26:29
7,34,0,DB_SLS1220,08.09.2023,08:26:29,DB_SLS1220,08.09.2023,08:26:29
8,34,0,DB_SLS1220,08.09.2023,08:26:29,DB_SLS1220,08.09.2023,08:26:29
10,34,0,DB_SLS1220,08.09.2023,08:26:29,DB_SLS1220,08.09.2023,08:26:29
11,34,0,DB_SLS1220,08.09.2023,08:26:29,DB_SLS1220,08.09.2023,08:26:29
12,34,0,DB_SLS1220,08.09.2023,08:26:29,DB_SLS1220,08.09.2023,08:26:29
13,34,0,DB_SLS1220,08.09.2023,08:26:29,DB_SLS1220,08.09.2023,08:26:29
14,34,0,DB_SLS1220,08.09.2023,08:26:29,DB_SLS1220,08.09.2023,08:26:29
15,34,0,DB_SLS1220,08.09.2023,08:26:29,DB_SLS1220,08.09.2023,08:26:29
17,34,0,DB_SLS1220,08.09.2023,08:26:29,DB_SLS1220,08.09.2023,08:26:29
18,34,0,DB_SLS1220,08.09.2023,08:26:29,DB_SLS1220,08.09.2023,08:26:29
19,34,0,DB_SLS1220,08.09.2023,08:26:29,DB_SLS1220,08.09.2023,08:26:29
20,34,0,DB_SLS1220,08.09.2023,08:26:29,DB_SLS1220,08.09.2023,08:26:29
21,34,0,DB_SLS1220,08.09.2023,08:26:29,DB_SLS1220,08.09.2023,08:26:29
22,34,0,DB_SLS1220,08.09.2023,08:26:29,DB_SLS1220,08.09.2023,08:26:29
23,34,0,DB_SLS1220,08.09.2023,08:26:29,DB_SLS1220,08.09.2023,08:26:29
24,34,0,DB_SLS1220,08.09.2023,08:26:29,DB_SLS1220,08.09.2023,08:26:29
25,34,0,DB_SLS1220,08.09.2023,08:26:29,DB_SLS1220,08.09.2023,08:26:29
28,34,0,DB_SLS1220,08.09.2023,08:26:29,DB_SLS1220,08.09.2023,08:26:29
29,34,0,DB_SLS1220,08.09.2023,08:26:29,DB_SLS1220,08.09.2023,08:26:29
30,34,0,DB_SLS1220,08.09.2023,08:26:29,DB_SLS1220,08.09.2023,08:26:29
31,34,0,DB_SLS1220,08.09.2023,08:26:29,DB_SLS1220,08.09.2023,08:26:29
1,35,0,DB_SLS1220,08.09.2023,08:26:29,DB_SLS1220,08.09.2023,08:26:29
2,35,0,DB_SLS1220,08.09.2023,08:26:29,DB_SLS1220,08.09.2023,08:26:29
3,35,0,DB_SLS1220,08.09.2023,08:26:29,DB_SLS1220,08.09.2023,08:26:29
4,35,0,DB_SLS1220,08.09.2023,08:26:29,DB_SLS1220,08.09.2023,08:26:29
5,35,0,DB_SLS1220,08.09.2023,08:26:29,DB_SLS1220,08.09.2023,08:26:29
6,35,0,DB_SLS1220,08.09.2023,08:26:29,DB_SLS1220,08.09.2023,08:26:29
7,35,0,DB_SLS1220,08.09.2023,08:26:29,DB_SLS1220,08.09.2023,08:26:29
8,35,0,DB_SLS1220,08.09.2023,08:26:29,DB_SLS1220,08.09.2023,08:26:29
9,35,0,DB_SLS1220,08.09.2023,08:26:29,DB_SLS1220,08.09.2023,08:26:29
10,35,0,DB_SLS1220,08.09.2023,08:26:29,DB_SLS1220,08.09.2023,08:26:29
11,35,0,DB_SLS1220,08.09.2023,08:26:29,DB_SLS1220,08.09.2023,08:26:29
12,35,0,DB_SLS1220,08.09.2023,08:26:29,DB_SLS1220,08.09.2023,08:26:29
13,35,0,DB_SLS1220,08.09.2023,08:26:29,DB_SLS1220,08.09.2023,08:26:29
14,35,0,DB_SLS1220,08.09.2023,08:26:29,DB_SLS1220,08.09.2023,08:26:29
15,35,0,DB_SLS1220,08.09.2023,08:26:29,DB_SLS1220,08.09.2023,08:26:29
17,35,0,DB_SLS1220,08.09.2023,08:26:29,DB_SLS1220,08.09.2023,08:26:29
18,35,0,DB_SLS1220,08.09.2023,08:26:29,DB_SLS1220,08.09.2023,08:26:29
19,35,0,DB_SLS1220,08.09.2023,08:26:29,DB_SLS1220,08.09.2023,08:26:29
20,35,0,DB_SLS1220,08.09.2023,08:26:29,DB_SLS1220,08.09.2023,08:26:29
21,35,0,DB_SLS1220,08.09.2023,08:26:29,DB_SLS1220,08.09.2023,08:26:29
22,35,0,DB_SLS1220,08.09.2023,08:26:29,DB_SLS1220,08.09.2023,08:26:29
23,35,0,DB_SLS1220,08.09.2023,08:26:29,DB_SLS1220,08.09.2023,08:26:29
24,35,0,DB_SLS1220,08.09.2023,08:26:29,DB_SLS1220,08.09.2023,08:26:29
25,35,0,DB_SLS1220,08.09.2023,08:26:29,DB_SLS1220,08.09.2023,08:26:29
26,35,0,DB_SLS1220,08.09.2023,08:26:29,DB_SLS1220,08.09.2023,08:26:29
27,35,0,DB_SLS1220,08.09.2023,08:26:29,DB_SLS1220,08.09.2023,08:26:29
28,35,0,DB_SLS1220,08.09.2023,08:26:29,DB_SLS1220,08.09.2023,08:26:29
29,35,0,DB_SLS1220,08.09.2023,08:26:29,DB_SLS1220,08.09.2023,08:26:29
30,35,0,DB_SLS1220,08.09.2023,08:26:29,DB_SLS1220,08.09.2023,08:26:29
31,35,0,DB_SLS1220,08.09.2023,08:26:29,DB_SLS1220,08.09.2023,08:26:29
2,36,0,DB_SLS1220,08.09.2023,08:26:29,DB_SLS1220,08.09.2023,08:26:29
3,36,0,DB_SLS1220,08.09.2023,08:26:29,DB_SLS1220,08.09.2023,08:26:29
4,36,0,DB_SLS1220,08.09.2023,08:26:29,DB_SLS1220,08.09.2023,08:26:29
5,36,0,DB_SLS1220,08.09.2023,08:26:29,DB_SLS1220,08.09.2023,08:26:29
6,36,0,DB_SLS1220,08.09.2023,08:26:29,DB_SLS1220,08.09.2023,08:26:29
7,36,0,DB_SLS1220,08.09.2023,08:26:29,DB_SLS1220,08.09.2023,08:26:29
8,36,0,DB_SLS1220,08.09.2023,08:26:29,DB_SLS1220,08.09.2023,08:26:29
9,36,0,DB_SLS1220,08.09.2023,08:26:29,DB_SLS1220,08.09.2023,08:26:29
10,36,0,DB_SLS1220,08.09.2023,08:26:29,DB_SLS1220,08.09.2023,08:26:29
10,36,1,DB_SLS1220,08.09.2023,08:26:29,DB_SLS1220,08.09.2023,08:26:29
11,36,0,DB_SLS1220,08.09.2023,08:26:29,DB_SLS1220,08.09.2023,08:26:29
12,36,0,DB_SLS1220,08.09.2023,08:26:29,DB_SLS1220,08.09.2023,08:26:29
13,36,0,DB_SLS1220,08.09.2023,08:26:29,DB_SLS1220,08.09.2023,08:26:29
14,36,0,DB_SLS1220,08.09.2023,08:26:29,DB_SLS1220,08.09.2023,08:26:29
16,36,0,DB_SLS1220,08.09.2023,08:26:29,DB_SLS1220,08.09.2023,08:26:29
17,36,0,DB_SLS1220,08.09.2023,08:26:29,DB_SLS1220,08.09.2023,08:26:29
18,36,0,DB_SLS1220,08.09.2023,08:26:29,DB_SLS1220,08.09.2023,08:26:29
19,36,0,DB_SLS1220,08.09.2023,08:26:29,DB_SLS1220,08.09.2023,08:26:29
19,36,1,DB_SLS1220,08.09.2023,08:26:29,DB_SLS1220,08.09.2023,08:26:29
20,36,0,DB_SLS1220,08.09.2023,08:26:29,DB_SLS1220,08.09.2023,08:26:29
20,36,1,DB_SLS1220,08.09.2023,08:26:29,DB_SLS1220,08.09.2023,08:26:29
21,36,0,DB_SLS1220,08.09.2023,08:26:29,DB_SLS1220,08.09.2023,08:26:29
21,36,0,DB_SLS1220,08.09.2023,08:26:29,DB_SLS1220,08.09.2023,08:26:29
22,36,0,DB_SLS1220,08.09.2023,08:26:29,DB_SLS1220,08.09.2023,08:26:29
22,36,0,DB_SLS1220,08.09.2023,08:26:29,DB_SLS1220,08.09.2023,08:26:29
23,36,0,DB_SLS1220,08.09.2023,08:26:29,DB_SLS1220,08.09.2023,08:26:29
24,36,0,DB_SLS1220,08.09.2023,08:26:29,DB_SLS1220,08.09.2023,08:26:29
25,36,0,DB_SLS1220,08.09.2023,08:26:29,DB_SLS1220,08.09.2023,08:26:29
27,36,0,DB_SLS1220,08.09.2023,08:26:29,DB_SLS1220,08.09.2023,08:26:29
28,36,0,DB_SLS1220,08.09.2023,08:26:29,DB_SLS1220,08.09.2023,08:26:29
29,36,0,DB_SLS1220,08.09.2023,08:26:29,DB_SLS1220,08.09.2023,08:26:29
30,36,0,DB_SLS1220,08.09.2023,08:26:29,DB_SLS1220,08.09.2023,08:26:29
30,36,1,DB_SLS1220,08.09.2023,08:26:29,DB_SLS1220,08.09.2023,08:26:29
31,36,0,DB_SLS1220,08.09.2023,08:26:29,DB_SLS1220,08.09.2023,08:26:29
1,37,0,DB_SLS1220,08.09.2023,08:26:29,DB_SLS1220,08.09.2023,08:26:29
2,37,0,DB_SLS1220,08.09.2023,08:26:29,DB_SLS1220,08.09.2023,08:26:29
3,37,0,DB_SLS1220,08.09.2023,08:26:29,DB_SLS1220,08.09.2023,08:26:29
4,37,0,DB_SLS1220,08.09.2023,08:26:29,DB_SLS1220,08.09.2023,08:26:29
5,37,0,DB_SLS1220,08.09.2023,08:26:29,DB_SLS1220,08.09.2023,08:26:29
6,37,0,DB_SLS1220,08.09.2023,08:26:29,DB_SLS1220,08.09.2023,08:26:29
7,37,0,DB_SLS1220,08.09.2023,08:26:29,DB_SLS1220,08.09.2023,08:26:29
8,37,0,DB_SLS1220,08.09.2023,08:26:29,DB_SLS1220,08.09.2023,08:26:29
9,37,0,DB_SLS1220,08.09.2023,08:26:29,DB_SLS1220,08.09.2023,08:26:29
10,37,0,DB_SLS1220,08.09.2023,08:26:29,DB_SLS1220,08.09.2023,08:26:29
11,37,0,DB_SLS1220,08.09.2023,08:26:29,DB_SLS1220,08.09.2023,08:26:29
12,37,0,DB_SLS1220,08.09.2023,08:26:29,DB_SLS1220,08.09.2023,08:26:29
13,37,0,DB_SLS1220,08.09.2023,08:26:29,DB_SLS1220,08.09.2023,08:26:29
14,37,0,DB_SLS1220,08.09.2023,08:26:29,DB_SLS1220,08.09.2023,08:26:29
15,37,0,DB_SLS1220,08.09.2023,08:26:29,DB_SLS1220,08.09.2023,08:26:29
17,37,0,DB_SLS1220,08.09.2023,08:26:29,DB_SLS1220,08.09.2023,08:26:29
18,37,0,DB_SLS1220,08.09.2023,08:26:29,DB_SLS1220,08.09.2023,08:26:29
19,37,0,DB_SLS1220,08.09.2023,08:26:29,DB_SLS1220,08.09.2023,08:26:29
20,37,0,DB_SLS1220,08.09.2023,08:26:29,DB_SLS1220,08.09.2023,08:26:29
21,37,0,DB_SLS1220,08.09.2023,08:26:29,DB_SLS1220,08.09.2023,08:26:29
22,37,0,DB_SLS1220,08.09.2023,08:26:29,DB_SLS1220,08.09.2023,08:26:29
23,37,0,DB_SLS1220,08.09.2023,08:26:29,DB_SLS1220,08.09.2023,08:26:29
24,37,0,DB_SLS1220,08.09.2023,08:26:29,DB_SLS1220,08.09.2023,08:26:29
25,37,0,DB_SLS1220,08.09.2023,08:26:29,DB_SLS1220,08.09.2023,08:26:29
26,37,0,DB_SLS1220,08.09.2023,08:26:29,DB_SLS1220,08.09.2023,08:26:29
27,37,0,DB_SLS1220,08.09.2023,08:26:29,DB_SLS1220,08.09.2023,08:26:29
28,37,0,DB_SLS1220,08.09.2023,08:26:29,DB_SLS1220,08.09.2023,08:26:29
29,37,0,DB_SLS1220,08.09.2023,08:26:29,DB_SLS1220,08.09.2023,08:26:29
30,37,0,DB_SLS1220,08.09.2023,08:26:29,DB_SLS1220,08.09.2023,08:26:29
31,37,0,DB_SLS1220,08.09.2023,08:26:29,DB_SLS1220,08.09.2023,08:26:29
11,38,0,DB_SLS1220,08.09.2023,08:26:29,DB_SLS1220,08.09.2023,08:26:29
1,39,0,DB_SLS1220,08.09.2023,08:26:29,DB_SLS1220,08.09.2023,08:26:29
2,39,0,DB_SLS1220,08.09.2023,08:26:29,DB_SLS1220,08.09.2023,08:26:29
3,39,0,DB_SLS1220,08.09.2023,08:26:29,DB_SLS1220,08.09.2023,08:26:29
4,39,0,DB_SLS1220,08.09.2023,08:26:29,DB_SLS1220,08.09.2023,08:26:29
5,39,0,DB_SLS1220,08.09.2023,08:26:29,DB_SLS1220,08.09.2023,08:26:29
6,39,0,DB_SLS1220,08.09.2023,08:26:29,DB_SLS1220,08.09.2023,08:26:29
7,39,0,DB_SLS1220,08.09.2023,08:26:29,DB_SLS1220,08.09.2023,08:26:29
8,39,0,DB_SLS1220,08.09.2023,08:26:29,DB_SLS1220,08.09.2023,08:26:29
10,39,0,DB_SLS1220,08.09.2023,08:26:29,DB_SLS1220,08.09.2023,08:26:29
11,39,0,DB_SLS1220,08.09.2023,08:26:29,DB_SLS1220,08.09.2023,08:26:29
12,39,0,DB_SLS1220,08.09.2023,08:26:29,DB_SLS1220,08.09.2023,08:26:29
13,39,0,DB_SLS1220,08.09.2023,08:26:29,DB_SLS1220,08.09.2023,08:26:29
14,39,0,DB_SLS1220,08.09.2023,08:26:29,DB_SLS1220,08.09.2023,08:26:29
15,39,0,DB_SLS1220,08.09.2023,08:26:29,DB_SLS1220,08.09.2023,08:26:29
16,39,0,DB_SLS1220,08.09.2023,08:26:29,DB_SLS1220,08.09.2023,08:26:29
17,39,0,DB_SLS1220,08.09.2023,08:26:29,DB_SLS1220,08.09.2023,08:26:29
18,39,0,DB_SLS1220,08.09.2023,08:26:29,DB_SLS1220,08.09.2023,08:26:29
19,39,0,DB_SLS1220,08.09.2023,08:26:29,DB_SLS1220,08.09.2023,08:26:29
20,39,0,DB_SLS1220,08.09.2023,08:26:29,DB_SLS1220,08.09.2023,08:26:29
21,39,0,DB_SLS1220,08.09.2023,08:26:29,DB_SLS1220,08.09.2023,08:26:29
22,39,0,DB_SLS1220,08.09.2023,08:26:29,DB_SLS1220,08.09.2023,08:26:29
23,39,0,DB_SLS1220,08.09.2023,08:26:29,DB_SLS1220,08.09.2023,08:26:29
24,39,0,DB_SLS1220,08.09.2023,08:26:29,DB_SLS1220,08.09.2023,08:26:29
25,39,0,DB_SLS1220,08.09.2023,08:26:29,DB_SLS1220,08.09.2023,08:26:29
26,39,0,DB_SLS1220,08.09.2023,08:26:29,DB_SLS1220,08.09.2023,08:26:29
27,39,0,DB_SLS1220,08.09.2023,08:26:29,DB_SLS1220,08.09.2023,08:26:29
28,39,0,DB_SLS1220,08.09.2023,08:26:29,DB_SLS1220,08.09.2023,08:26:29
29,39,0,DB_SLS1220,08.09.2023,08:26:29,DB_SLS1220,08.09.2023,08:26:29
30,39,0,DB_SLS1220,08.09.2023,08:26:29,DB_SLS1220,08.09.2023,08:26:29
31,39,0,DB_SLS1220,08.09.2023,08:26:29,DB_SLS1220,08.09.2023,08:26:29
1,40,0,DB_SLS1220,08.09.2023,08:26:29,DB_SLS1220,08.09.2023,08:26:29
2,40,0,DB_SLS1220,08.09.2023,08:26:29,DB_SLS1220,08.09.2023,08:26:29
3,40,0,DB_SLS1220,08.09.2023,08:26:29,DB_SLS1220,08.09.2023,08:26:29
4,40,0,DB_SLS1220,08.09.2023,08:26:29,DB_SLS1220,08.09.2023,08:26:29
5,40,0,DB_SLS1220,08.09.2023,08:26:29,DB_SLS1220,08.09.2023,08:26:29
6,40,0,DB_SLS1220,08.09.2023,08:26:29,DB_SLS1220,08.09.2023,08:26:29
7,40,0,DB_SLS1220,08.09.2023,08:26:29,DB_SLS1220,08.09.2023,08:26:29
8,40,0,DB_SLS1220,08.09.2023,08:26:29,DB_SLS1220,08.09.2023,08:26:29
10,40,0,DB_SLS1220,08.09.2023,08:26:29,DB_SLS1220,08.09.2023,08:26:29
11,40,0,DB_SLS1220,08.09.2023,08:26:29,DB_SLS1220,08.09.2023,08:26:29
12,40,0,DB_SLS1220,08.09.2023,08:26:29,DB_SLS1220,08.09.2023,08:26:29
13,40,0,DB_SLS1220,08.09.2023,08:26:29,DB_SLS1220,08.09.2023,08:26:29
14,40,0,DB_SLS1220,08.09.2023,08:26:29,DB_SLS1220,08.09.2023,08:26:29
15,40,0,DB_SLS1220,08.09.2023,08:26:29,DB_SLS1220,08.09.2023,08:26:29
16,40,0,DB_SLS1220,08.09.2023,08:26:29,DB_SLS1220,08.09.2023,08:26:29
17,40,0,DB_SLS1220,08.09.2023,08:26:29,DB_SLS1220,08.09.2023,08:26:29
18,40,0,DB_SLS1220,08.09.2023,08:26:29,DB_SLS1220,08.09.2023,08:26:29
19,40,0,DB_SLS1220,08.09.2023,08:26:29,DB_SLS1220,08.09.2023,08:26:29
20,40,0,DB_SLS1220,08.09.2023,08:26:29,DB_SLS1220,08.09.2023,08:26:29
21,40,0,DB_SLS1220,08.09.2023,08:26:29,DB_SLS1220,08.09.2023,08:26:29
22,40,0,DB_SLS1220,08.09.2023,08:26:29,DB_SLS1220,08.09.2023,08:26:29
23,40,0,DB_SLS1220,08.09.2023,08:26:29,DB_SLS1220,08.09.2023,08:26:29
24,40,0,DB_SLS1220,08.09.2023,08:26:29,DB_SLS1220,08.09.2023,08:26:29
25,40,0,DB_SLS1220,08.09.2023,08:26:29,DB_SLS1220,08.09.2023,08:26:29
26,40,0,DB_SLS1220,08.09.2023,08:26:29,DB_SLS1220,08.09.2023,08:26:29
27,40,0,DB_SLS1220,08.09.2023,08:26:29,DB_SLS1220,08.09.2023,08:26:29
28,40,0,DB_SLS1220,08.09.2023,08:26:29,DB_SLS1220,08.09.2023,08:26:29
29,40,0,DB_SLS1220,08.09.2023,08:26:29,DB_SLS1220,08.09.2023,08:26:29
30,40,0,DB_SLS1220,08.09.2023,08:26:29,DB_SLS1220,08.09.2023,08:26:29
31,40,0,DB_SLS1220,08.09.2023,08:26:29,DB_SLS1220,08.09.2023,08:26:29
1,41,0,DB_SLS1220,08.09.2023,08:26:29,DB_SLS1220,08.09.2023,08:26:29
2,41,0,DB_SLS1220,08.09.2023,08:26:29,DB_SLS1220,08.09.2023,08:26:29
3,41,0,DB_SLS1220,08.09.2023,08:26:29,DB_SLS1220,08.09.2023,08:26:29
4,41,0,DB_SLS1220,08.09.2023,08:26:29,DB_SLS1220,08.09.2023,08:26:29
5,41,0,DB_SLS1220,08.09.2023,08:26:29,DB_SLS1220,08.09.2023,08:26:29
6,41,0,DB_SLS1220,08.09.2023,08:26:29,DB_SLS1220,08.09.2023,08:26:29
7,41,0,DB_SLS1220,08.09.2023,08:26:29,DB_SLS1220,08.09.2023,08:26:29
8,41,0,DB_SLS1220,08.09.2023,08:26:29,DB_SLS1220,08.09.2023,08:26:29
9,41,0,DB_SLS1220,08.09.2023,08:26:29,DB_SLS1220,08.09.2023,08:26:29
12,41,0,DB_SLS1220,08.09.2023,08:26:29,DB_SLS1220,08.09.2023,08:26:29
13,41,0,DB_SLS1220,08.09.2023,08:26:29,DB_SLS1220,08.09.2023,08:26:29
14,41,0,DB_SLS1220,08.09.2023,08:26:29,DB_SLS1220,08.09.2023,08:26:29
15,41,0,DB_SLS1220,08.09.2023,08:26:29,DB_SLS1220,08.09.2023,08:26:29
16,41,0,DB_SLS1220,08.09.2023,08:26:29,DB_SLS1220,08.09.2023,08:26:29
17,41,0,DB_SLS1220,08.09.2023,08:26:29,DB_SLS1220,08.09.2023,08:26:29
18,41,0,DB_SLS1220,08.09.2023,08:26:29,DB_SLS1220,08.09.2023,08:26:29
19,41,0,DB_SLS1220,08.09.2023,08:26:29,DB_SLS1220,08.09.2023,08:26:29
20,41,0,DB_SLS1220,08.09.2023,08:26:29,DB_SLS1220,08.09.2023,08:26:29
21,41,0,DB_SLS1220,08.09.2023,08:26:29,DB_SLS1220,08.09.2023,08:26:29
22,41,0,DB_SLS1220,08.09.2023,08:26:29,DB_SLS1220,08.09.2023,08:26:29
23,41,0,DB_SLS1220,08.09.2023,08:26:29,DB_SLS1220,08.09.2023,08:26:29
24,41,0,DB_SLS1220,08.09.2023,08:26:29,DB_SLS1220,08.09.2023,08:26:29
25,41,0,DB_SLS1220,08.09.2023,08:26:29,DB_SLS1220,08.09.2023,08:26:29
26,41,0,DB_SLS1220,08.09.2023,08:26:29,DB_SLS1220,08.09.2023,08:26:29
27,41,0,DB_SLS1220,08.09.2023,08:26:29,DB_SLS1220,08.09.2023,08:26:29
28,41,0,DB_SLS1220,08.09.2023,08:26:29,DB_SLS1220,08.09.2023,08:26:29
29,41,0,DB_SLS1220,08.09.2023,08:26:29,DB_SLS1220,08.09.2023,08:26:29
30,41,0,DB_SLS1220,08.09.2023,08:26:29,DB_SLS1220,08.09.2023,08:26:29
31,41,0,DB_SLS1220,08.09.2023,08:26:29,DB_SLS1220,08.09.2023,08:26:29
1,42,0,DB_SLS1220,08.09.2023,08:26:29,DB_SLS1220,08.09.2023,08:26:29
2,42,0,DB_SLS1220,08.09.2023,08:26:29,DB_SLS1220,08.09.2023,08:26:29
3,42,0,DB_SLS1220,08.09.2023,08:26:29,DB_SLS1220,08.09.2023,08:26:29
4,42,0,DB_SLS1220,08.09.2023,08:26:29,DB_SLS1220,08.09.2023,08:26:29
5,42,0,DB_SLS1220,08.09.2023,08:26:29,DB_SLS1220,08.09.2023,08:26:29
6,42,0,DB_SLS1220,08.09.2023,08:26:29,DB_SLS1220,08.09.2023,08:26:29
7,42,0,DB_SLS1220,08.09.2023,08:26:29,DB_SLS1220,08.09.2023,08:26:29
8,42,0,DB_SLS1220,08.09.2023,08:26:29,DB_SLS1220,08.09.2023,08:26:29
9,42,0,DB_SLS1220,08.09.2023,08:26:29,DB_SLS1220,08.09.2023,08:26:29
10,42,0,DB_SLS1220,08.09.2023,08:26:29,DB_SLS1220,08.09.2023,08:26:29
11,42,0,DB_SLS1220,08.09.2023,08:26:29,DB_SLS1220,08.09.2023,08:26:29
12,42,0,DB_SLS1220,08.09.2023,08:26:29,DB_SLS1220,08.09.2023,08:26:29
13,42,0,DB_SLS1220,08.09.2023,08:26:29,DB_SLS1220,08.09.2023,08:26:29
14,42,0,DB_SLS1220,08.09.2023,08:26:29,DB_SLS1220,08.09.2023,08:26:29
15,42,0,DB_SLS1220,08.09.2023,08:26:29,DB_SLS1220,08.09.2023,08:26:29
18,42,0,DB_SLS1220,08.09.2023,08:26:29,DB_SLS1220,08.09.2023,08:26:29
19,42,0,DB_SLS1220,08.09.2023,08:26:29,DB_SLS1220,08.09.2023,08:26:29
20,42,0,DB_SLS1220,08.09.2023,08:26:29,DB_SLS1220,08.09.2023,08:26:29
21,42,0,DB_SLS1220,08.09.2023,08:26:29,DB_SLS1220,08.09.2023,08:26:29
22,42,0,DB_SLS1220,08.09.2023,08:26:29,DB_SLS1220,08.09.2023,08:26:29
23,42,0,DB_SLS1220,08.09.2023,08:26:29,DB_SLS1220,08.09.2023,08:26:29
24,42,0,DB_SLS1220,08.09.2023,08:26:29,DB_SLS1220,08.09.2023,08:26:29
25,42,0,DB_SLS1220,08.09.2023,08:26:29,DB_SLS1220,08.09.2023,08:26:29
28,42,0,DB_SLS1220,08.09.2023,08:26:29,DB_SLS1220,08.09.2023,08:26:29
29,42,0,DB_SLS1220,08.09.2023,08:26:29,DB_SLS1220,08.09.2023,08:26:29
30,42,0,DB_SLS1220,08.09.2023,08:26:29,DB_SLS1220,08.09.2023,08:26:29
31,42,0,DB_SLS1220,08.09.2023,08:26:30,DB_SLS1220,08.09.2023,08:26:30
1,43,0,DB_SLS1220,08.09.2023,08:26:30,DB_SLS1220,08.09.2023,08:26:30
2,43,0,DB_SLS1220,08.09.2023,08:26:30,DB_SLS1220,08.09.2023,08:26:30
3,43,0,DB_SLS1220,08.09.2023,08:26:30,DB_SLS1220,08.09.2023,08:26:30
4,43,0,DB_SLS1220,08.09.2023,08:26:30,DB_SLS1220,08.09.2023,08:26:30
5,43,0,DB_SLS1220,08.09.2023,08:26:30,DB_SLS1220,08.09.2023,08:26:30
6,43,0,DB_SLS1220,08.09.2023,08:26:30,DB_SLS1220,08.09.2023,08:26:30
7,43,0,DB_SLS1220,08.09.2023,08:26:30,DB_SLS1220,08.09.2023,08:26:30
8,43,0,DB_SLS1220,08.09.2023,08:26:30,DB_SLS1220,08.09.2023,08:26:30
9,43,0,DB_SLS1220,08.09.2023,08:26:30,DB_SLS1220,08.09.2023,08:26:30
10,43,0,DB_SLS1220,08.09.2023,08:26:30,DB_SLS1220,08.09.2023,08:26:30
11,43,0,DB_SLS1220,08.09.2023,08:26:30,DB_SLS1220,08.09.2023,08:26:30
12,43,0,DB_SLS1220,08.09.2023,08:26:30,DB_SLS1220,08.09.2023,08:26:30
13,43,0,DB_SLS1220,08.09.2023,08:26:30,DB_SLS1220,08.09.2023,08:26:30
14,43,0,DB_SLS1220,08.09.2023,08:26:30,DB_SLS1220,08.09.2023,08:26:30
15,43,0,DB_SLS1220,08.09.2023,08:26:30,DB_SLS1220,08.09.2023,08:26:30
18,43,0,DB_SLS1220,08.09.2023,08:26:30,DB_SLS1220,08.09.2023,08:26:30
19,43,0,DB_SLS1220,08.09.2023,08:26:30,DB_SLS1220,08.09.2023,08:26:30
20,43,0,DB_SLS1220,08.09.2023,08:26:30,DB_SLS1220,08.09.2023,08:26:30
21,43,0,DB_SLS1220,08.09.2023,08:26:30,DB_SLS1220,08.09.2023,08:26:30
22,43,0,DB_SLS1220,08.09.2023,08:26:30,DB_SLS1220,08.09.2023,08:26:30
23,43,0,DB_SLS1220,08.09.2023,08:26:30,DB_SLS1220,08.09.2023,08:26:30
24,43,0,DB_SLS1220,08.09.2023,08:26:30,DB_SLS1220,08.09.2023,08:26:30
25,43,0,DB_SLS1220,08.09.2023,08:26:30,DB_SLS1220,08.09.2023,08:26:30
28,43,0,DB_SLS1220,08.09.2023,08:26:30,DB_SLS1220,08.09.2023,08:26:30
29,43,0,DB_SLS1220,08.09.2023,08:26:30,DB_SLS1220,08.09.2023,08:26:30
30,43,0,DB_SLS1220,08.09.2023,08:26:30,DB_SLS1220,08.09.2023,08:26:30
31,43,0,DB_SLS1220,08.09.2023,08:26:30,DB_SLS1220,08.09.2023,08:26:30
1,44,0,DB_SLS1220,08.09.2023,08:26:30,DB_SLS1220,08.09.2023,08:26:30
2,44,0,DB_SLS1220,08.09.2023,08:26:30,DB_SLS1220,08.09.2023,08:26:30
3,44,0,DB_SLS1220,08.09.2023,08:26:30,DB_SLS1220,08.09.2023,08:26:30
4,44,0,DB_SLS1220,08.09.2023,08:26:30,DB_SLS1220,08.09.2023,08:26:30
5,44,0,DB_SLS1220,08.09.2023,08:26:30,DB_SLS1220,08.09.2023,08:26:30
6,44,0,DB_SLS1220,08.09.2023,08:26:30,DB_SLS1220,08.09.2023,08:26:30
7,44,0,DB_SLS1220,08.09.2023,08:26:30,DB_SLS1220,08.09.2023,08:26:30
8,44,0,DB_SLS1220,08.09.2023,08:26:30,DB_SLS1220,08.09.2023,08:26:30
10,44,0,DB_SLS1220,08.09.2023,08:26:30,DB_SLS1220,08.09.2023,08:26:30
11,44,0,DB_SLS1220,08.09.2023,08:26:30,DB_SLS1220,08.09.2023,08:26:30
12,44,0,DB_SLS1220,08.09.2023,08:26:30,DB_SLS1220,08.09.2023,08:26:30
13,44,0,DB_SLS1220,08.09.2023,08:26:30,DB_SLS1220,08.09.2023,08:26:30
14,44,0,DB_SLS1220,08.09.2023,08:26:30,DB_SLS1220,08.09.2023,08:26:30
15,44,0,DB_SLS1220,08.09.2023,08:26:30,DB_SLS1220,08.09.2023,08:26:30
17,44,0,DB_SLS1220,08.09.2023,08:26:30,DB_SLS1220,08.09.2023,08:26:30
18,44,0,DB_SLS1220,08.09.2023,08:26:30,DB_SLS1220,08.09.2023,08:26:30
19,44,0,DB_SLS1220,08.09.2023,08:26:30,DB_SLS1220,08.09.2023,08:26:30
20,44,0,DB_SLS1220,08.09.2023,08:26:30,DB_SLS1220,08.09.2023,08:26:30
21,44,0,DB_SLS1220,08.09.2023,08:26:30,DB_SLS1220,08.09.2023,08:26:30
22,44,0,DB_SLS1220,08.09.2023,08:26:30,DB_SLS1220,08.09.2023,08:26:30
23,44,0,DB_SLS1220,08.09.2023,08:26:30,DB_SLS1220,08.09.2023,08:26:30
24,44,0,DB_SLS1220,08.09.2023,08:26:30,DB_SLS1220,08.09.2023,08:26:30
25,44,0,DB_SLS1220,08.09.2023,08:26:30,DB_SLS1220,08.09.2023,08:26:30
26,44,0,DB_SLS1220,08.09.2023,08:26:30,DB_SLS1220,08.09.2023,08:26:30
27,44,0,DB_SLS1220,08.09.2023,08:26:30,DB_SLS1220,08.09.2023,08:26:30
28,44,0,DB_SLS1220,08.09.2023,08:26:30,DB_SLS1220,08.09.2023,08:26:30
29,44,0,DB_SLS1220,08.09.2023,08:26:30,DB_SLS1220,08.09.2023,08:26:30
30,44,0,DB_SLS1220,08.09.2023,08:26:30,DB_SLS1220,08.09.2023,08:26:30
31,44,0,DB_SLS1220,08.09.2023,08:26:30,DB_SLS1220,08.09.2023,08:26:30
1,45,0,DB_SLS1220,08.09.2023,08:26:30,DB_SLS1220,08.09.2023,08:26:30
2,45,0,DB_SLS1220,08.09.2023,08:26:30,DB_SLS1220,08.09.2023,08:26:30
3,45,0,DB_SLS1220,08.09.2023,08:26:30,DB_SLS1220,08.09.2023,08:26:30
4,45,0,DB_SLS1220,08.09.2023,08:26:30,DB_SLS1220,08.09.2023,08:26:30
5,45,0,DB_SLS1220,08.09.2023,08:26:30,DB_SLS1220,08.09.2023,08:26:30
6,45,0,DB_SLS1220,08.09.2023,08:26:30,DB_SLS1220,08.09.2023,08:26:30
7,45,0,DB_SLS1220,08.09.2023,08:26:30,DB_SLS1220,08.09.2023,08:26:30
8,45,0,DB_SLS1220,08.09.2023,08:26:30,DB_SLS1220,08.09.2023,08:26:30
9,45,0,DB_SLS1220,08.09.2023,08:26:30,DB_SLS1220,08.09.2023,08:26:30
10,45,0,DB_SLS1220,08.09.2023,08:26:30,DB_SLS1220,08.09.2023,08:26:30
12,45,0,DB_SLS1220,08.09.2023,08:26:30,DB_SLS1220,08.09.2023,08:26:30
13,45,0,DB_SLS1220,08.09.2023,08:26:30,DB_SLS1220,08.09.2023,08:26:30
14,45,0,DB_SLS1220,08.09.2023,08:26:30,DB_SLS1220,08.09.2023,08:26:30
15,45,0,DB_SLS1220,08.09.2023,08:26:30,DB_SLS1220,08.09.2023,08:26:30
16,45,0,DB_SLS1220,08.09.2023,08:26:30,DB_SLS1220,08.09.2023,08:26:30
17,45,0,DB_SLS1220,08.09.2023,08:26:30,DB_SLS1220,08.09.2023,08:26:30
18,45,0,DB_SLS1220,08.09.2023,08:26:30,DB_SLS1220,08.09.2023,08:26:30
19,45,0,DB_SLS1220,08.09.2023,08:26:30,DB_SLS1220,08.09.2023,08:26:30
20,45,0,DB_SLS1220,08.09.2023,08:26:30,DB_SLS1220,08.09.2023,08:26:30
21,45,0,DB_SLS1220,08.09.2023,08:26:30,DB_SLS1220,08.09.2023,08:26:30
22,45,0,DB_SLS1220,08.09.2023,08:26:30,DB_SLS1220,08.09.2023,08:26:30
23,45,0,DB_SLS1220,08.09.2023,08:26:30,DB_SLS1220,08.09.2023,08:26:30
24,45,0,DB_SLS1220,08.09.2023,08:26:30,DB_SLS1220,08.09.2023,08:26:30
25,45,0,DB_SLS1220,08.09.2023,08:26:30,DB_SLS1220,08.09.2023,08:26:30
26,45,0,DB_SLS1220,08.09.2023,08:26:30,DB_SLS1220,08.09.2023,08:26:30
27,45,0,DB_SLS1220,08.09.2023,08:26:30,DB_SLS1220,08.09.2023,08:26:30
28,45,0,DB_SLS1220,08.09.2023,08:26:30,DB_SLS1220,08.09.2023,08:26:30
29,45,0,DB_SLS1220,08.09.2023,08:26:30,DB_SLS1220,08.09.2023,08:26:30
30,45,0,DB_SLS1220,08.09.2023,08:26:30,DB_SLS1220,08.09.2023,08:26:30
31,45,0,DB_SLS1220,08.09.2023,08:26:30,DB_SLS1220,08.09.2023,08:26:30
2,46,0,DB_SLS1220,08.09.2023,08:26:30,DB_SLS1220,08.09.2023,08:26:30
3,46,0,DB_SLS1220,08.09.2023,08:26:30,DB_SLS1220,08.09.2023,08:26:30
4,46,0,DB_SLS1220,08.09.2023,08:26:30,DB_SLS1220,08.09.2023,08:26:30
5,46,0,DB_SLS1220,08.09.2023,08:26:30,DB_SLS1220,08.09.2023,08:26:30
6,46,0,DB_SLS1220,08.09.2023,08:26:30,DB_SLS1220,08.09.2023,08:26:30
7,46,0,DB_SLS1220,08.09.2023,08:26:30,DB_SLS1220,08.09.2023,08:26:30
8,46,0,DB_SLS1220,08.09.2023,08:26:30,DB_SLS1220,08.09.2023,08:26:30
9,46,0,DB_SLS1220,08.09.2023,08:26:30,DB_SLS1220,08.09.2023,08:26:30
10,46,0,DB_SLS1220,08.09.2023,08:26:30,DB_SLS1220,08.09.2023,08:26:30
12,46,0,DB_SLS1220,08.09.2023,08:26:30,DB_SLS1220,08.09.2023,08:26:30
13,46,0,DB_SLS1220,08.09.2023,08:26:30,DB_SLS1220,08.09.2023,08:26:30
19,46,0,DB_SLS1220,08.09.2023,08:26:30,DB_SLS1220,08.09.2023,08:26:30
20,46,0,DB_SLS1220,08.09.2023,08:26:30,DB_SLS1220,08.09.2023,08:26:30
21,46,0,DB_SLS1220,08.09.2023,08:26:30,DB_SLS1220,08.09.2023,08:26:30
22,46,0,DB_SLS1220,08.09.2023,08:26:30,DB_SLS1220,08.09.2023,08:26:30
23,46,0,DB_SLS1220,08.09.2023,08:26:30,DB_SLS1220,08.09.2023,08:26:30
24,46,0,DB_SLS1220,08.09.2023,08:26:30,DB_SLS1220,08.09.2023,08:26:30
25,46,0,DB_SLS1220,08.09.2023,08:26:30,DB_SLS1220,08.09.2023,08:26:30
29,46,0,DB_SLS1220,08.09.2023,08:26:30,DB_SLS1220,08.09.2023,08:26:30
31,46,0,DB_SLS1220,08.09.2023,08:26:30,DB_SLS1220,08.09.2023,08:26:30
1,47,0,DB_SLS1220,08.09.2023,08:26:30,DB_SLS1220,08.09.2023,08:26:30
2,47,0,DB_SLS1220,08.09.2023,08:26:30,DB_SLS1220,08.09.2023,08:26:30
3,47,0,DB_SLS1220,08.09.2023,08:26:30,DB_SLS1220,08.09.2023,08:26:30
4,47,0,DB_SLS1220,08.09.2023,08:26:30,DB_SLS1220,08.09.2023,08:26:30
5,47,0,DB_SLS1220,08.09.2023,08:26:30,DB_SLS1220,08.09.2023,08:26:30
6,47,0,DB_SLS1220,08.09.2023,08:26:30,DB_SLS1220,08.09.2023,08:26:30
8,47,0,DB_SLS1220,08.09.2023,08:26:30,DB_SLS1220,08.09.2023,08:26:30
9,47,0,DB_SLS1220,08.09.2023,08:26:30,DB_SLS1220,08.09.2023,08:26:30
10,47,0,DB_SLS1220,08.09.2023,08:26:30,DB_SLS1220,08.09.2023,08:26:30
12,47,0,DB_SLS1220,08.09.2023,08:26:30,DB_SLS1220,08.09.2023,08:26:30
13,47,0,DB_SLS1220,08.09.2023,08:26:30,DB_SLS1220,08.09.2023,08:26:30
14,47,0,DB_SLS1220,08.09.2023,08:26:30,DB_SLS1220,08.09.2023,08:26:30
15,47,0,DB_SLS1220,08.09.2023,08:26:30,DB_SLS1220,08.09.2023,08:26:30
16,47,0,DB_SLS1220,08.09.2023,08:26:30,DB_SLS1220,08.09.2023,08:26:30
18,47,0,DB_SLS1220,08.09.2023,08:26:30,DB_SLS1220,08.09.2023,08:26:30
19,47,0,DB_SLS1220,08.09.2023,08:26:30,DB_SLS1220,08.09.2023,08:26:30
20,47,0,DB_SLS1220,08.09.2023,08:26:30,DB_SLS1220,08.09.2023,08:26:30
21,47,0,DB_SLS1220,08.09.2023,08:26:30,DB_SLS1220,08.09.2023,08:26:30
23,47,0,DB_SLS1220,08.09.2023,08:26:30,DB_SLS1220,08.09.2023,08:26:30
24,47,0,DB_SLS1220,08.09.2023,08:26:30,DB_SLS1220,08.09.2023,08:26:30
25,47,0,DB_SLS1220,08.09.2023,08:26:30,DB_SLS1220,08.09.2023,08:26:30
26,47,0,DB_SLS1220,08.09.2023,08:26:30,DB_SLS1220,08.09.2023,08:26:30
27,47,0,DB_SLS1220,08.09.2023,08:26:30,DB_SLS1220,08.09.2023,08:26:30
28,47,0,DB_SLS1220,08.09.2023,08:26:30,DB_SLS1220,08.09.2023,08:26:30
29,47,0,DB_SLS1220,08.09.2023,08:26:30,DB_SLS1220,08.09.2023,08:26:30
30,47,0,DB_SLS1220,08.09.2023,08:26:30,DB_SLS1220,08.09.2023,08:26:30
31,47,0,DB_SLS1220,08.09.2023,08:26:30,DB_SLS1220,08.09.2023,08:26:30
2,48,0,DB_SLS1220,08.09.2023,08:26:30,DB_SLS1220,08.09.2023,08:26:30
3,48,0,DB_SLS1220,08.09.2023,08:26:30,DB_SLS1220,08.09.2023,08:26:30
4,48,0,DB_SLS1220,08.09.2023,08:26:30,DB_SLS1220,08.09.2023,08:26:30
5,48,0,DB_SLS1220,08.09.2023,08:26:30,DB_SLS1220,08.09.2023,08:26:30
6,48,0,DB_SLS1220,08.09.2023,08:26:30,DB_SLS1220,08.09.2023,08:26:30
8,48,0,DB_SLS1220,08.09.2023,08:26:30,DB_SLS1220,08.09.2023,08:26:30
11,48,0,DB_SLS1220,08.09.2023,08:26:30,DB_SLS1220,08.09.2023,08:26:30
13,48,0,DB_SLS1220,08.09.2023,08:26:30,DB_SLS1220,08.09.2023,08:26:30
15,48,0,DB_SLS1220,08.09.2023,08:26:30,DB_SLS1220,08.09.2023,08:26:30
18,48,0,DB_SLS1220,08.09.2023,08:26:30,DB_SLS1220,08.09.2023,08:26:30
19,48,0,DB_SLS1220,08.09.2023,08:26:30,DB_SLS1220,08.09.2023,08:26:30
20,48,0,DB_SLS1220,08.09.2023,08:26:30,DB_SLS1220,08.09.2023,08:26:30
21,48,0,DB_SLS1220,08.09.2023,08:26:30,DB_SLS1220,08.09.2023,08:26:30
25,48,0,DB_SLS1220,08.09.2023,08:26:30,DB_SLS1220,08.09.2023,08:26:30
28,48,0,DB_SLS1220,08.09.2023,08:26:30,DB_SLS1220,08.09.2023,08:26:30
31,48,0,DB_SLS1220,08.09.2023,08:26:30,DB_SLS1220,08.09.2023,08:26:30
1,49,0,DB_SLS1220,08.09.2023,08:26:30,DB_SLS1220,08.09.2023,08:26:30
2,49,0,DB_SLS1220,08.09.2023,08:26:30,DB_SLS1220,08.09.2023,08:26:30
3,49,0,DB_SLS1220,08.09.2023,08:26:30,DB_SLS1220,08.09.2023,08:26:30
4,49,0,DB_SLS1220,08.09.2023,08:26:30,DB_SLS1220,08.09.2023,08:26:30
5,49,0,DB_SLS1220,08.09.2023,08:26:30,DB_SLS1220,08.09.2023,08:26:30
6,49,0,DB_SLS1220,08.09.2023,08:26:30,DB_SLS1220,08.09.2023,08:26:30
7,49,0,DB_SLS1220,08.09.2023,08:26:30,DB_SLS1220,08.09.2023,08:26:30
8,49,0,DB_SLS1220,08.09.2023,08:26:30,DB_SLS1220,08.09.2023,08:26:30
9,49,0,DB_SLS1220,08.09.2023,08:26:30,DB_SLS1220,08.09.2023,08:26:30
10,49,0,DB_SLS1220,08.09.2023,08:26:30,DB_SLS1220,08.09.2023,08:26:30
16,49,0,DB_SLS1220,08.09.2023,08:26:30,DB_SLS1220,08.09.2023,08:26:30
1,50,0,DB_SLS1220,08.09.2023,08:26:30,DB_SLS1220,08.09.2023,08:26:30
2,50,0,DB_SLS1220,08.09.2023,08:26:30,DB_SLS1220,08.09.2023,08:26:30
3,50,0,DB_SLS1220,08.09.2023,08:26:30,DB_SLS1220,08.09.2023,08:26:30
4,50,0,DB_SLS1220,08.09.2023,08:26:30,DB_SLS1220,08.09.2023,08:26:30
5,50,0,DB_SLS1220,08.09.2023,08:26:30,DB_SLS1220,08.09.2023,08:26:30
6,50,0,DB_SLS1220,08.09.2023,08:26:30,DB_SLS1220,08.09.2023,08:26:30
7,50,0,DB_SLS1220,08.09.2023,08:26:30,DB_SLS1220,08.09.2023,08:26:30
8,50,0,DB_SLS1220,08.09.2023,08:26:30,DB_SLS1220,08.09.2023,08:26:30
9,50,0,DB_SLS1220,08.09.2023,08:26:30,DB_SLS1220,08.09.2023,08:26:30
10,50,0,DB_SLS1220,08.09.2023,08:26:30,DB_SLS1220,08.09.2023,08:26:30
11,50,0,DB_SLS1220,08.09.2023,08:26:30,DB_SLS1220,08.09.2023,08:26:30
12,50,0,DB_SLS1220,08.09.2023,08:26:30,DB_SLS1220,08.09.2023,08:26:30
13,50,0,DB_SLS1220,08.09.2023,08:26:30,DB_SLS1220,08.09.2023,08:26:30
14,50,0,DB_SLS1220,08.09.2023,08:26:30,DB_SLS1220,08.09.2023,08:26:30
15,50,0,DB_SLS1220,08.09.2023,08:26:30,DB_SLS1220,08.09.2023,08:26:30
17,50,0,DB_SLS1220,08.09.2023,08:26:30,DB_SLS1220,08.09.2023,08:26:30
18,50,0,DB_SLS1220,08.09.2023,08:26:30,DB_SLS1220,08.09.2023,08:26:30
20,50,0,DB_SLS1220,08.09.2023,08:26:30,DB_SLS1220,08.09.2023,08:26:30
21,50,0,DB_SLS1220,08.09.2023,08:26:30,DB_SLS1220,08.09.2023,08:26:30
22,50,0,DB_SLS1220,08.09.2023,08:26:30,DB_SLS1220,08.09.2023,08:26:30
23,50,0,DB_SLS1220,08.09.2023,08:26:30,DB_SLS1220,08.09.2023,08:26:30
24,50,0,DB_SLS1220,08.09.2023,08:26:30,DB_SLS1220,08.09.2023,08:26:30
25,50,0,DB_SLS1220,08.09.2023,08:26:30,DB_SLS1220,08.09.2023,08:26:30
26,50,0,DB_SLS1220,08.09.2023,08:26:30,DB_SLS1220,08.09.2023,08:26:30
27,50,0,DB_SLS1220,08.09.2023,08:26:30,DB_SLS1220,08.09.2023,08:26:30
28,50,0,DB_SLS1220,08.09.2023,08:26:30,DB_SLS1220,08.09.2023,08:26:30
29,50,0,DB_SLS1220,08.09.2023,08:26:30,DB_SLS1220,08.09.2023,08:26:30
30,50,0,DB_SLS1220,08.09.2023,08:26:30,DB_SLS1220,08.09.2023,08:26:30
31,50,0,DB_SLS1220,08.09.2023,08:26:30,DB_SLS1220,08.09.2023,08:26:30
1,51,0,DB_SLS1220,08.09.2023,08:26:30,DB_SLS1220,08.09.2023,08:26:30
3,51,0,DB_SLS1220,08.09.2023,08:26:30,DB_SLS1220,08.09.2023,08:26:30
4,51,0,DB_SLS1220,08.09.2023,08:26:30,DB_SLS1220,08.09.2023,08:26:30
6,51,0,DB_SLS1220,08.09.2023,08:26:30,DB_SLS1220,08.09.2023,08:26:30
7,51,0,DB_SLS1220,08.09.2023,08:26:30,DB_SLS1220,08.09.2023,08:26:30
10,51,0,DB_SLS1220,08.09.2023,08:26:30,DB_SLS1220,08.09.2023,08:26:30
14,51,0,DB_SLS1220,08.09.2023,08:26:30,DB_SLS1220,08.09.2023,08:26:30
15,51,0,DB_SLS1220,08.09.2023,08:26:30,DB_SLS1220,08.09.2023,08:26:30
16,51,0,DB_SLS1220,08.09.2023,08:26:30,DB_SLS1220,08.09.2023,08:26:30
17,51,0,DB_SLS1220,08.09.2023,08:26:30,DB_SLS1220,08.09.2023,08:26:30
18,51,0,DB_SLS1220,08.09.2023,08:26:30,DB_SLS1220,08.09.2023,08:26:30
20,51,0,DB_SLS1220,08.09.2023,08:26:30,DB_SLS1220,08.09.2023,08:26:30
21,51,0,DB_SLS1220,08.09.2023,08:26:30,DB_SLS1220,08.09.2023,08:26:30
22,51,0,DB_SLS1220,08.09.2023,08:26:30,DB_SLS1220,08.09.2023,08:26:30
23,51,0,DB_SLS1220,08.09.2023,08:26:30,DB_SLS1220,08.09.2023,08:26:30
26,51,0,DB_SLS1220,08.09.2023,08:26:30,DB_SLS1220,08.09.2023,08:26:30
28,51,0,DB_SLS1220,08.09.2023,08:26:30,DB_SLS1220,08.09.2023,08:26:30
29,51,0,DB_SLS1220,08.09.2023,08:26:30,DB_SLS1220,08.09.2023,08:26:30
2,52,0,DB_SLS1220,08.09.2023,08:26:30,DB_SLS1220,08.09.2023,08:26:30
3,52,0,DB_SLS1220,08.09.2023,08:26:30,DB_SLS1220,08.09.2023,08:26:30
4,52,0,DB_SLS1220,08.09.2023,08:26:30,DB_SLS1220,08.09.2023,08:26:30
5,52,0,DB_SLS1220,08.09.2023,08:26:30,DB_SLS1220,08.09.2023,08:26:30
6,52,0,DB_SLS1220,08.09.2023,08:26:30,DB_SLS1220,08.09.2023,08:26:30
8,52,0,DB_SLS1220,08.09.2023,08:26:30,DB_SLS1220,08.09.2023,08:26:30
9,52,0,DB_SLS1220,08.09.2023,08:26:30,DB_SLS1220,08.09.2023,08:26:30
10,52,0,DB_SLS1220,08.09.2023,08:26:30,DB_SLS1220,08.09.2023,08:26:30
11,52,0,DB_SLS1220,08.09.2023,08:26:30,DB_SLS1220,08.09.2023,08:26:30
12,52,0,DB_SLS1220,08.09.2023,08:26:30,DB_SLS1220,08.09.2023,08:26:30
13,52,0,DB_SLS1220,08.09.2023,08:26:30,DB_SLS1220,08.09.2023,08:26:30
19,52,0,DB_SLS1220,08.09.2023,08:26:30,DB_SLS1220,08.09.2023,08:26:30
20,52,0,DB_SLS1220,08.09.2023,08:26:30,DB_SLS1220,08.09.2023,08:26:30
21,52,0,DB_SLS1220,08.09.2023,08:26:30,DB_SLS1220,08.09.2023,08:26:30
23,52,0,DB_SLS1220,08.09.2023,08:26:30,DB_SLS1220,08.09.2023,08:26:30
24,52,0,DB_SLS1220,08.09.2023,08:26:30,DB_SLS1220,08.09.2023,08:26:30
25,52,0,DB_SLS1220,08.09.2023,08:26:30,DB_SLS1220,08.09.2023,08:26:30
28,52,0,DB_SLS1220,08.09.2023,08:26:30,DB_SLS1220,08.09.2023,08:26:30
29,52,0,DB_SLS1220,08.09.2023,08:26:30,DB_SLS1220,08.09.2023,08:26:30
30,52,0,DB_SLS1220,08.09.2023,08:26:30,DB_SLS1220,08.09.2023,08:26:30
31,52,0,DB_SLS1220,08.09.2023,08:26:30,DB_SLS1220,08.09.2023,08:26:30
1,53,0,DB_SLS1220,08.09.2023,08:26:30,DB_SLS1220,08.09.2023,08:26:30
2,53,0,DB_SLS1220,08.09.2023,08:26:30,DB_SLS1220,08.09.2023,08:26:30
3,53,0,DB_SLS1220,08.09.2023,08:26:30,DB_SLS1220,08.09.2023,08:26:30
4,53,0,DB_SLS1220,08.09.2023,08:26:30,DB_SLS1220,08.09.2023,08:26:30
5,53,0,DB_SLS1220,08.09.2023,08:26:30,DB_SLS1220,08.09.2023,08:26:30
6,53,0,DB_SLS1220,08.09.2023,08:26:30,DB_SLS1220,08.09.2023,08:26:30
7,53,0,DB_SLS1220,08.09.2023,08:26:30,DB_SLS1220,08.09.2023,08:26:30
8,53,0,DB_SLS1220,08.09.2023,08:26:30,DB_SLS1220,08.09.2023,08:26:30
9,53,0,DB_SLS1220,08.09.2023,08:26:30,DB_SLS1220,08.09.2023,08:26:30
10,53,0,DB_SLS1220,08.09.2023,08:26:30,DB_SLS1220,08.09.2023,08:26:30
11,53,0,DB_SLS1220,08.09.2023,08:26:30,DB_SLS1220,08.09.2023,08:26:30
12,53,0,DB_SLS1220,08.09.2023,08:26:30,DB_SLS1220,08.09.2023,08:26:30
13,53,0,DB_SLS1220,08.09.2023,08:26:30,DB_SLS1220,08.09.2023,08:26:30
14,53,0,DB_SLS1220,08.09.2023,08:26:30,DB_SLS1220,08.09.2023,08:26:30
15,53,0,DB_SLS1220,08.09.2023,08:26:30,DB_SLS1220,08.09.2023,08:26:30
16,53,0,DB_SLS1220,08.09.2023,08:26:30,DB_SLS1220,08.09.2023,08:26:30
18,53,0,DB_SLS1220,08.09.2023,08:26:30,DB_SLS1220,08.09.2023,08:26:30
19,53,0,DB_SLS1220,08.09.2023,08:26:30,DB_SLS1220,08.09.2023,08:26:30
20,53,0,DB_SLS1220,08.09.2023,08:26:30,DB_SLS1220,08.09.2023,08:26:30
21,53,0,DB_SLS1220,08.09.2023,08:26:30,DB_SLS1220,08.09.2023,08:26:30
22,53,0,DB_SLS1220,08.09.2023,08:26:30,DB_SLS1220,08.09.2023,08:26:30
23,53,0,DB_SLS1220,08.09.2023,08:26:30,DB_SLS1220,08.09.2023,08:26:30
24,53,0,DB_SLS1220,08.09.2023,08:26:30,DB_SLS1220,08.09.2023,08:26:30
25,53,0,DB_SLS1220,08.09.2023,08:26:30,DB_SLS1220,08.09.2023,08:26:30
27,53,0,DB_SLS1220,08.09.2023,08:26:31,DB_SLS1220,08.09.2023,08:26:31
28,53,0,DB_SLS1220,08.09.2023,08:26:31,DB_SLS1220,08.09.2023,08:26:31
29,53,0,DB_SLS1220,08.09.2023,08:26:31,DB_SLS1220,08.09.2023,08:26:31
30,53,0,DB_SLS1220,08.09.2023,08:26:31,DB_SLS1220,08.09.2023,08:26:31
31,53,0,DB_SLS1220,08.09.2023,08:26:31,DB_SLS1220,08.09.2023,08:26:31
7,54,0,DB_SLS1220,08.09.2023,08:26:31,DB_SLS1220,08.09.2023,08:26:31
22,54,0,DB_SLS1220,08.09.2023,08:26:31,DB_SLS1220,08.09.2023,08:26:31
1,55,0,DB_SLS1220,08.09.2023,08:26:31,DB_SLS1220,08.09.2023,08:26:31
2,55,0,DB_SLS1220,08.09.2023,08:26:31,DB_SLS1220,08.09.2023,08:26:31
3,55,0,DB_SLS1220,08.09.2023,08:26:31,DB_SLS1220,08.09.2023,08:26:31
6,55,0,DB_SLS1220,08.09.2023,08:26:31,DB_SLS1220,08.09.2023,08:26:31
7,55,0,DB_SLS1220,08.09.2023,08:26:31,DB_SLS1220,08.09.2023,08:26:31
8,55,0,DB_SLS1220,08.09.2023,08:26:31,DB_SLS1220,08.09.2023,08:26:31
9,55,0,DB_SLS1220,08.09.2023,08:26:31,DB_SLS1220,08.09.2023,08:26:31
10,55,0,DB_SLS1220,08.09.2023,08:26:31,DB_SLS1220,08.09.2023,08:26:31
12,55,0,DB_SLS1220,08.09.2023,08:26:31,DB_SLS1220,08.09.2023,08:26:31
13,55,0,DB_SLS1220,08.09.2023,08:26:31,DB_SLS1220,08.09.2023,08:26:31
14,55,0,DB_SLS1220,08.09.2023,08:26:31,DB_SLS1220,08.09.2023,08:26:31
15,55,0,DB_SLS1220,08.09.2023,08:26:31,DB_SLS1220,08.09.2023,08:26:31
16,55,0,DB_SLS1220,08.09.2023,08:26:31,DB_SLS1220,08.09.2023,08:26:31
17,55,0,DB_SLS1220,08.09.2023,08:26:31,DB_SLS1220,08.09.2023,08:26:31
18,55,0,DB_SLS1220,08.09.2023,08:26:31,DB_SLS1220,08.09.2023,08:26:31
19,55,0,DB_SLS1220,08.09.2023,08:26:31,DB_SLS1220,08.09.2023,08:26:31
20,55,0,DB_SLS1220,08.09.2023,08:26:31,DB_SLS1220,08.09.2023,08:26:31
21,55,0,DB_SLS1220,08.09.2023,08:26:31,DB_SLS1220,08.09.2023,08:26:31
22,55,0,DB_SLS1220,08.09.2023,08:26:31,DB_SLS1220,08.09.2023,08:26:31
23,55,0,DB_SLS1220,08.09.2023,08:26:31,DB_SLS1220,08.09.2023,08:26:31
24,55,0,DB_SLS1220,08.09.2023,08:26:31,DB_SLS1220,08.09.2023,08:26:31
25,55,0,DB_SLS1220,08.09.2023,08:26:31,DB_SLS1220,08.09.2023,08:26:31
26,55,0,DB_SLS1220,08.09.2023,08:26:31,DB_SLS1220,08.09.2023,08:26:31
27,55,0,DB_SLS1220,08.09.2023,08:26:31,DB_SLS1220,08.09.2023,08:26:31
28,55,0,DB_SLS1220,08.09.2023,08:26:31,DB_SLS1220,08.09.2023,08:26:31
29,55,0,DB_SLS1220,08.09.2023,08:26:31,DB_SLS1220,08.09.2023,08:26:31
30,55,0,DB_SLS1220,08.09.2023,08:26:31,DB_SLS1220,08.09.2023,08:26:31
31,55,0,DB_SLS1220,08.09.2023,08:26:31,DB_SLS1220,08.09.2023,08:26:31
17,56,0,DB_SLS1220,08.09.2023,08:26:31,DB_SLS1220,08.09.2023,08:26:31
18,56,0,DB_SLS1220,08.09.2023,08:26:31,DB_SLS1220,08.09.2023,08:26:31
20,57,0,DB_SLS1220,08.09.2023,08:26:31,DB_SLS1220,08.09.2023,08:26:31
1,58,0,DB_SLS1220,08.09.2023,08:26:31,DB_SLS1220,08.09.2023,08:26:31
10,58,0,DB_SLS1220,08.09.2023,08:26:31,DB_SLS1220,08.09.2023,08:26:31
1,59,0,DB_SLS1220,08.09.2023,08:26:31,DB_SLS1220,08.09.2023,08:26:31
2,59,0,DB_SLS1220,08.09.2023,08:26:31,DB_SLS1220,08.09.2023,08:26:31
3,59,0,DB_SLS1220,08.09.2023,08:26:31,DB_SLS1220,08.09.2023,08:26:31
4,59,0,DB_SLS1220,08.09.2023,08:26:31,DB_SLS1220,08.09.2023,08:26:31
5,59,0,DB_SLS1220,08.09.2023,08:26:31,DB_SLS1220,08.09.2023,08:26:31
6,59,0,DB_SLS1220,08.09.2023,08:26:31,DB_SLS1220,08.09.2023,08:26:31
7,59,0,DB_SLS1220,08.09.2023,08:26:31,DB_SLS1220,08.09.2023,08:26:31
8,59,0,DB_SLS1220,08.09.2023,08:26:31,DB_SLS1220,08.09.2023,08:26:31
9,59,0,DB_SLS1220,08.09.2023,08:26:31,DB_SLS1220,08.09.2023,08:26:31
10,59,0,DB_SLS1220,08.09.2023,08:26:31,DB_SLS1220,08.09.2023,08:26:31
11,59,0,DB_SLS1220,08.09.2023,08:26:31,DB_SLS1220,08.09.2023,08:26:31
12,59,0,DB_SLS1220,08.09.2023,08:26:31,DB_SLS1220,08.09.2023,08:26:31
13,59,0,DB_SLS1220,08.09.2023,08:26:31,DB_SLS1220,08.09.2023,08:26:31
14,59,0,DB_SLS1220,08.09.2023,08:26:31,DB_SLS1220,08.09.2023,08:26:31
15,59,0,DB_SLS1220,08.09.2023,08:26:31,DB_SLS1220,08.09.2023,08:26:31
16,59,0,DB_SLS1220,08.09.2023,08:26:31,DB_SLS1220,08.09.2023,08:26:31
17,59,0,DB_SLS1220,08.09.2023,08:26:31,DB_SLS1220,08.09.2023,08:26:31
18,59,0,DB_SLS1220,08.09.2023,08:26:31,DB_SLS1220,08.09.2023,08:26:31
19,59,0,DB_SLS1220,08.09.2023,08:26:31,DB_SLS1220,08.09.2023,08:26:31
20,59,0,DB_SLS1220,08.09.2023,08:26:31,DB_SLS1220,08.09.2023,08:26:31
21,59,0,DB_SLS1220,08.09.2023,08:26:31,DB_SLS1220,08.09.2023,08:26:31
22,59,0,DB_SLS1220,08.09.2023,08:26:31,DB_SLS1220,08.09.2023,08:26:31
23,59,0,DB_SLS1220,08.09.2023,08:26:31,DB_SLS1220,08.09.2023,08:26:31
24,59,0,DB_SLS1220,08.09.2023,08:26:31,DB_SLS1220,08.09.2023,08:26:31
25,59,0,DB_SLS1220,08.09.2023,08:26:31,DB_SLS1220,08.09.2023,08:26:31
26,59,0,DB_SLS1220,08.09.2023,08:26:31,DB_SLS1220,08.09.2023,08:26:31
27,59,0,DB_SLS1220,08.09.2023,08:26:31,DB_SLS1220,08.09.2023,08:26:31
28,59,0,DB_SLS1220,08.09.2023,08:26:31,DB_SLS1220,08.09.2023,08:26:31
29,59,0,DB_SLS1220,08.09.2023,08:26:31,DB_SLS1220,08.09.2023,08:26:31
30,59,0,DB_SLS1220,08.09.2023,08:26:31,DB_SLS1220,08.09.2023,08:26:31
31,59,0,DB_SLS1220,08.09.2023,08:26:31,DB_SLS1220,08.09.2023,08:26:31
1,60,0,DB_SLS1220,08.09.2023,08:26:31,DB_SLS1220,08.09.2023,08:26:31
10,60,0,DB_SLS1220,08.09.2023,08:26:31,DB_SLS1220,08.09.2023,08:26:31
14,60,0,DB_SLS1220,08.09.2023,08:26:31,DB_SLS1220,08.09.2023,08:26:31
27,60,0,DB_SLS1220,08.09.2023,08:26:31,DB_SLS1220,08.09.2023,08:26:31
1,61,0,DB_SLS1220,08.09.2023,08:26:31,DB_SLS1220,08.09.2023,08:26:31
14,61,0,DB_SLS1220,08.09.2023,08:26:31,DB_SLS1220,08.09.2023,08:26:31
16,61,0,DB_SLS1220,08.09.2023,08:26:31,DB_SLS1220,08.09.2023,08:26:31
14,62,0,DB_SLS1220,08.09.2023,08:26:31,DB_SLS1220,08.09.2023,08:26:31
1,63,0,DB_SLS1220,08.09.2023,08:26:31,DB_SLS1220,08.09.2023,08:26:31
2,63,0,DB_SLS1220,08.09.2023,08:26:31,DB_SLS1220,08.09.2023,08:26:31
3,63,0,DB_SLS1220,08.09.2023,08:26:31,DB_SLS1220,08.09.2023,08:26:31
4,63,0,DB_SLS1220,08.09.2023,08:26:31,DB_SLS1220,08.09.2023,08:26:31
5,63,0,DB_SLS1220,08.09.2023,08:26:31,DB_SLS1220,08.09.2023,08:26:31
6,63,0,DB_SLS1220,08.09.2023,08:26:31,DB_SLS1220,08.09.2023,08:26:31
7,63,0,DB_SLS1220,08.09.2023,08:26:31,DB_SLS1220,08.09.2023,08:26:31
8,63,0,DB_SLS1220,08.09.2023,08:26:31,DB_SLS1220,08.09.2023,08:26:31
9,63,0,DB_SLS1220,08.09.2023,08:26:31,DB_SLS1220,08.09.2023,08:26:31
10,63,0,DB_SLS1220,08.09.2023,08:26:31,DB_SLS1220,08.09.2023,08:26:31
11,63,0,DB_SLS1220,08.09.2023,08:26:31,DB_SLS1220,08.09.2023,08:26:31
12,63,0,DB_SLS1220,08.09.2023,08:26:31,DB_SLS1220,08.09.2023,08:26:31
13,63,0,DB_SLS1220,08.09.2023,08:26:31,DB_SLS1220,08.09.2023,08:26:31
14,63,0,DB_SLS1220,08.09.2023,08:26:31,DB_SLS1220,08.09.2023,08:26:31
15,63,0,DB_SLS1220,08.09.2023,08:26:31,DB_SLS1220,08.09.2023,08:26:31
16,63,0,DB_SLS1220,08.09.2023,08:26:31,DB_SLS1220,08.09.2023,08:26:31
17,63,0,DB_SLS1220,08.09.2023,08:26:31,DB_SLS1220,08.09.2023,08:26:31
18,63,0,DB_SLS1220,08.09.2023,08:26:31,DB_SLS1220,08.09.2023,08:26:31
19,63,0,DB_SLS1220,08.09.2023,08:26:31,DB_SLS1220,08.09.2023,08:26:31
20,63,0,DB_SLS1220,08.09.2023,08:26:31,DB_SLS1220,08.09.2023,08:26:31
21,63,0,DB_SLS1220,08.09.2023,08:26:31,DB_SLS1220,08.09.2023,08:26:31
22,63,0,DB_SLS1220,08.09.2023,08:26:31,DB_SLS1220,08.09.2023,08:26:31
23,63,0,DB_SLS1220,08.09.2023,08:26:31,DB_SLS1220,08.09.2023,08:26:31
24,63,0,DB_SLS1220,08.09.2023,08:26:31,DB_SLS1220,08.09.2023,08:26:31
25,63,0,DB_SLS1220,08.09.2023,08:26:31,DB_SLS1220,08.09.2023,08:26:31
26,63,0,DB_SLS1220,08.09.2023,08:26:31,DB_SLS1220,08.09.2023,08:26:31
27,63,0,DB_SLS1220,08.09.2023,08:26:31,DB_SLS1220,08.09.2023,08:26:31
28,63,0,DB_SLS1220,08.09.2023,08:26:31,DB_SLS1220,08.09.2023,08:26:31
29,63,0,DB_SLS1220,08.09.2023,08:26:31,DB_SLS1220,08.09.2023,08:26:31
30,63,0,DB_SLS1220,08.09.2023,08:26:31,DB_SLS1220,08.09.2023,08:26:31
31,63,0,DB_SLS1220,08.09.2023,08:26:31,DB_SLS1220,08.09.2023,08:26:31
14,64,0,DB_SLS1220,08.09.2023,08:26:31,DB_SLS1220,08.09.2023,08:26:31
14,65,0,DB_SLS1220,08.09.2023,08:26:31,DB_SLS1220,08.09.2023,08:26:31
14,66,0,DB_SLS1220,08.09.2023,08:26:31,DB_SLS1220,08.09.2023,08:26:31
15,67,0,DB_SLS1220,08.09.2023,08:26:31,DB_SLS1220,08.09.2023,08:26:31
15,68,0,DB_SLS1220,08.09.2023,08:26:31,DB_SLS1220,08.09.2023,08:26:31
15,69,0,DB_SLS1220,08.09.2023,08:26:31,DB_SLS1220,08.09.2023,08:26:31
27,70,0,DB_SLS1220,08.09.2023,08:26:31,DB_SLS1220,08.09.2023,08:26:31
22,71,0,DB_SLS1220,08.09.2023,08:26:31,DB_SLS1220,08.09.2023,08:26:31
27,73,0,DB_SLS1220,08.09.2023,08:26:31,DB_SLS1220,08.09.2023,08:26:31
10,74,0,DB_SLS1220,08.09.2023,08:26:31,DB_SLS1220,08.09.2023,08:26:31
11,74,0,DB_SLS1220,08.09.2023,08:26:31,DB_SLS1220,08.09.2023,08:26:31
11,75,0,DB_SLS1220,08.09.2023,08:26:31,DB_SLS1220,08.09.2023,08:26:31
11,76,0,DB_SLS1220,08.09.2023,08:26:31,DB_SLS1220,08.09.2023,08:26:31
14,77,0,DB_SLS1220,08.09.2023,08:26:31,DB_SLS1220,08.09.2023,08:26:31
1,78,0,DB_SLS1220,08.09.2023,08:26:31,DB_SLS1220,08.09.2023,08:26:31
2,78,0,DB_SLS1220,08.09.2023,08:26:31,DB_SLS1220,08.09.2023,08:26:31
3,78,0,DB_SLS1220,08.09.2023,08:26:31,DB_SLS1220,08.09.2023,08:26:31
4,78,0,DB_SLS1220,08.09.2023,08:26:31,DB_SLS1220,08.09.2023,08:26:31
5,78,0,DB_SLS1220,08.09.2023,08:26:31,DB_SLS1220,08.09.2023,08:26:31
6,78,0,DB_SLS1220,08.09.2023,08:26:31,DB_SLS1220,08.09.2023,08:26:31
7,78,0,DB_SLS1220,08.09.2023,08:26:31,DB_SLS1220,08.09.2023,08:26:31
8,78,0,DB_SLS1220,08.09.2023,08:26:31,DB_SLS1220,08.09.2023,08:26:31
9,78,0,DB_SLS1220,08.09.2023,08:26:31,DB_SLS1220,08.09.2023,08:26:31
10,78,0,DB_SLS1220,08.09.2023,08:26:31,DB_SLS1220,08.09.2023,08:26:31
11,78,0,DB_SLS1220,08.09.2023,08:26:31,DB_SLS1220,08.09.2023,08:26:31
12,78,0,DB_SLS1220,08.09.2023,08:26:31,DB_SLS1220,08.09.2023,08:26:31
13,78,0,DB_SLS1220,08.09.2023,08:26:31,DB_SLS1220,08.09.2023,08:26:31
15,78,0,DB_SLS1220,08.09.2023,08:26:31,DB_SLS1220,08.09.2023,08:26:31
16,78,0,DB_SLS1220,08.09.2023,08:26:31,DB_SLS1220,08.09.2023,08:26:31
18,78,0,DB_SLS1220,08.09.2023,08:26:31,DB_SLS1220,08.09.2023,08:26:31
19,78,0,DB_SLS1220,08.09.2023,08:26:31,DB_SLS1220,08.09.2023,08:26:31
20,78,0,DB_SLS1220,08.09.2023,08:26:31,DB_SLS1220,08.09.2023,08:26:31
21,78,0,DB_SLS1220,08.09.2023,08:26:31,DB_SLS1220,08.09.2023,08:26:31
22,78,0,DB_SLS1220,08.09.2023,08:26:31,DB_SLS1220,08.09.2023,08:26:31
23,78,0,DB_SLS1220,08.09.2023,08:26:31,DB_SLS1220,08.09.2023,08:26:31
24,78,0,DB_SLS1220,08.09.2023,08:26:31,DB_SLS1220,08.09.2023,08:26:31
25,78,0,DB_SLS1220,08.09.2023,08:26:31,DB_SLS1220,08.09.2023,08:26:31
26,78,0,DB_SLS1220,08.09.2023,08:26:31,DB_SLS1220,08.09.2023,08:26:31
27,78,0,DB_SLS1220,08.09.2023,08:26:31,DB_SLS1220,08.09.2023,08:26:31
28,78,0,DB_SLS1220,08.09.2023,08:26:31,DB_SLS1220,08.09.2023,08:26:31
29,78,0,DB_SLS1220,08.09.2023,08:26:31,DB_SLS1220,08.09.2023,08:26:31
30,78,0,DB_SLS1220,08.09.2023,08:26:31,DB_SLS1220,08.09.2023,08:26:31
31,78,0,DB_SLS1220,08.09.2023,08:26:31,DB_SLS1220,08.09.2023,08:26:31
9,79,0,DB_SLS1220,08.09.2023,08:26:31,DB_SLS1220,08.09.2023,08:26:31
9,80,0,DB_SLS1220,08.09.2023,08:26:31,DB_SLS1220,08.09.2023,08:26:31
11,81,0,DB_SLS1220,08.09.2023,08:26:31,DB_SLS1220,08.09.2023,08:26:31
11,82,0,DB_SLS1220,08.09.2023,08:26:31,DB_SLS1220,08.09.2023,08:26:31
16,83,0,DB_SLS1220,08.09.2023,08:26:31,DB_SLS1220,08.09.2023,08:26:31
16,84,0,DB_SLS1220,08.09.2023,08:26:31,DB_SLS1220,08.09.2023,08:26:31
26,85,0,DB_SLS1220,08.09.2023,08:26:31,DB_SLS1220,08.09.2023,08:26:31
16,87,0,DB_SLS1220,08.09.2023,08:26:31,DB_SLS1220,08.09.2023,08:26:31